player_name,season,poss,mp,raptor_box_offense,raptor_box_defense,raptor_box_total,raptor_onoff_offense,raptor_onoff_defense,raptor_onoff_total,raptor_offense,raptor_defense,raptor_total,war_total,war_reg_season,war_playoffs,predator_offense,predator_defense,predator_total,pace_impact,multiplier,pt_rating,raptor_rating,war_rating,total_score
aaron gordon,2019.5,4559.83,2206.67,-0.38,0.35,-0.03,2.65,-0.48,2.17,0.25,0.2,0.45,3.6,3.49,0.1,0.18,-0.12,0.06,-0.1,1.0,0.47,0.5,0.26,43.1
aaron holiday,2021.5,2359.5,1108.5,-0.66,-0.38,-1.04,-1.13,-0.35,-1.48,-0.8,-0.39,-1.19,0.83,0.57,0.26,-1.17,-0.79,-1.96,0.31,1.0,0.37,0.41,0.16,32.88
abdel nader,2020.0,1893.0,892.0,-2.56,0.01,-2.55,-6.89,0.71,-6.18,-3.62,0.12,-3.5,-0.34,-0.33,-0.01,-3.69,-0.7,-4.4,-0.18,1.0,0.22,0.26,0.11,20.55
al farouq aminu,2016.5,4457.17,2175.67,-1.01,1.8,0.79,0.92,1.14,2.07,-0.68,1.78,1.1,4.18,3.58,0.6,-0.49,1.82,1.33,-0.13,1.0,0.53,0.53,0.28,46.8
alec burks,2018.0,2839.56,1405.11,0.7,-1.08,-0.38,-1.23,0.15,-1.08,0.37,-0.9,-0.53,1.96,1.85,0.11,0.05,-0.58,-0.53,-0.41,1.0,0.44,0.44,0.2,37.82
alex caruso,2021.0,2996.67,1427.33,-0.72,3.71,2.99,-1.68,5.31,3.63,-0.96,4.23,3.27,4.31,3.99,0.32,-0.9,4.49,3.59,0.31,1.0,0.71,0.7,0.31,60.64
alex len,2018.5,2799.12,1306.12,-2.7,1.11,-1.58,-2.61,-0.35,-2.96,-2.82,0.92,-1.9,0.69,0.71,-0.02,-2.98,0.59,-2.39,0.47,1.0,0.33,0.35,0.14,29.0
allen crabbe,2017.5,3299.0,1576.33,-0.6,-1.24,-1.84,-2.46,-0.18,-2.64,-1.03,-1.08,-2.11,1.17,1.0,0.17,-1.02,-1.31,-2.33,0.03,1.0,0.33,0.34,0.16,29.12
amir johnson,2016.5,3369.5,1665.67,-0.52,1.75,1.23,0.48,-0.13,0.35,-0.37,1.43,1.06,3.45,3.37,0.08,-0.64,1.46,0.81,0.04,1.0,0.54,0.56,0.27,47.78
andre drummond,2018.0,4582.44,2272.11,-1.38,2.06,0.69,1.52,-1.78,-0.26,-0.84,1.4,0.56,3.89,3.84,0.05,-0.41,2.24,1.83,0.26,1.0,0.58,0.51,0.28,48.0
andre roberson,2016.5,3543.5,1727.0,-1.22,2.95,1.73,-0.73,3.98,3.26,-1.22,3.33,2.11,4.22,3.67,0.54,-1.38,3.65,2.27,-0.6,1.0,0.62,0.62,0.3,53.9
andrew nicholson,2015.0,1999.5,998.5,-1.99,-0.75,-2.73,-2.9,3.25,0.35,-2.26,0.06,-2.2,0.07,0.07,0.0,-2.46,-0.85,-3.31,-0.43,1.0,0.28,0.33,0.12,25.94
andrew wiggins,2019.5,5565.0,2675.33,-0.33,-0.14,-0.47,0.79,-0.3,0.49,-0.13,-0.18,-0.31,3.57,3.02,0.55,0.06,0.27,0.33,0.03,1.0,0.48,0.45,0.26,41.36
anthony bennett,2014.5,1593.5,778.5,-3.9,-2.94,-6.84,-2.85,-2.68,-5.54,-3.88,-3.0,-6.89,-1.61,-1.61,0.0,-3.68,-3.43,-7.11,0.44,1.0,0.07,0.07,0.06,6.68
anthony davis,2018.0,4681.44,2266.89,1.87,3.4,5.27,0.44,2.53,2.97,1.67,3.43,5.1,9.49,8.54,0.95,2.09,3.37,5.46,0.48,1.0,0.8,0.79,0.5,72.19
archie goodwin,2015.0,1514.33,727.33,-1.73,-1.13,-2.87,-4.94,-3.34,-8.28,-2.49,-1.64,-4.13,-0.5,-0.5,0.0,-2.67,-2.25,-4.92,0.73,1.0,0.19,0.22,0.1,18.01
austin rivers,2018.0,3610.11,1749.67,-1.02,-1.31,-2.33,-0.8,-1.19,-2.0,-1.07,-1.36,-2.43,0.29,0.36,-0.06,-1.05,-1.18,-2.23,-0.66,1.0,0.35,0.33,0.13,28.74
avery bradley,2018.0,3665.56,1777.44,-1.81,-0.28,-2.09,-0.32,0.04,-0.28,-1.6,-0.23,-1.84,1.25,1.24,0.01,-1.37,0.11,-1.26,0.37,1.0,0.42,0.38,0.18,34.58
ben mclemore,2017.88,3254.0,1567.75,-1.03,-2.56,-3.59,-0.94,-0.15,-1.1,-1.06,-2.19,-3.24,-0.15,-0.19,0.04,-1.2,-2.05,-3.26,0.58,1.0,0.28,0.27,0.11,23.6
ben simmons,2020.5,4538.0,2148.0,0.21,2.14,2.35,0.59,1.71,2.3,0.29,2.14,2.43,5.76,5.01,0.75,0.6,2.86,3.46,0.96,1.0,0.74,0.69,0.39,63.0
bobby portis,2020.0,3561.4,1679.8,-0.32,-0.6,-0.91,1.27,-1.0,0.26,0.02,-0.7,-0.69,2.19,1.76,0.43,-0.1,-0.95,-1.05,-0.14,1.0,0.4,0.42,0.2,35.71
bradley beal,2018.0,5160.44,2496.11,2.66,-0.44,2.22,2.83,-1.13,1.7,2.86,-0.6,2.26,6.77,6.06,0.71,2.91,-0.58,2.33,0.56,1.0,0.58,0.59,0.37,53.14
brandon clarke,2022.0,3362.0,1542.0,1.7,1.35,3.05,-0.42,2.84,2.41,1.32,1.69,3.01,4.57,3.58,0.99,0.87,1.23,2.1,0.16,1.0,0.68,0.76,0.35,62.63
brandon ingram,2020.5,4270.0,2015.5,1.38,-1.51,-0.13,1.11,0.11,1.22,1.41,-1.26,0.15,3.09,2.85,0.24,1.32,-1.4,-0.08,0.02,1.0,0.45,0.47,0.23,40.3
brandon knight,2016.2,3332.6,1636.2,-0.33,-1.45,-1.78,-1.84,-1.96,-3.8,-0.61,-1.61,-2.21,0.87,0.87,0.0,-0.44,-1.49,-1.93,0.32,1.0,0.36,0.34,0.16,30.33
brandon rush,2016.5,2257.5,1097.5,-1.64,-1.42,-3.05,-1.95,-2.91,-4.86,-1.81,-1.83,-3.64,-0.51,-0.52,0.01,-2.05,-2.04,-4.1,-0.59,1.0,0.27,0.29,0.12,23.88
bruce brown,2021.5,3784.0,1820.5,0.45,0.61,1.06,0.58,-0.88,-0.3,0.46,0.35,0.81,3.28,3.03,0.24,0.66,0.69,1.35,-0.68,1.0,0.58,0.55,0.27,49.21
bryn forbes,2021.0,3231.67,1522.67,0.41,-3.84,-3.44,-0.83,-1.7,-2.53,0.14,-3.64,-3.5,-0.59,-0.45,-0.14,-0.0,-3.72,-3.72,-0.18,1.0,0.25,0.26,0.1,21.69
buddy hield,2020.5,5185.0,2440.75,1.51,-1.24,0.27,1.8,-1.47,0.33,1.66,-1.33,0.33,3.91,3.91,0.0,2.12,-0.99,1.13,0.52,1.0,0.52,0.48,0.27,43.91
cam reddish,2022.0,2122.0,1012.0,-1.48,-0.33,-1.8,-6.86,-2.19,-9.05,-2.74,-0.71,-3.45,-0.37,-0.37,0.0,-2.07,-0.76,-2.83,0.38,1.0,0.3,0.26,0.11,23.81
cameron payne,2020.67,2561.33,1219.67,0.63,-0.3,0.32,-1.57,0.52,-1.05,0.19,-0.15,0.03,2.28,1.93,0.36,-0.01,-0.4,-0.41,-0.19,1.0,0.43,0.46,0.2,38.62
caris levert,2020.5,3147.25,1486.0,1.07,-0.14,0.93,0.64,-1.22,-0.58,1.05,-0.36,0.69,2.48,2.33,0.16,0.94,-0.52,0.42,0.24,1.0,0.48,0.5,0.21,41.89
chandler parsons,2016.0,3390.2,1684.2,0.24,-0.29,-0.05,1.2,-1.43,-0.22,0.45,-0.55,-0.1,3.09,3.03,0.05,0.39,-0.65,-0.26,-0.05,1.0,0.5,0.51,0.27,44.71
chris boucher,2022.0,3690.0,1820.0,-0.23,-0.01,-0.25,1.33,4.48,5.81,0.06,0.91,0.98,3.48,2.98,0.49,0.48,0.61,1.1,-0.28,1.0,0.51,0.51,0.25,44.8
chris johnson,2015.0,1462.67,724.0,-2.04,-0.17,-2.21,-0.47,1.61,1.14,-1.81,0.18,-1.62,0.37,0.37,0.0,-2.13,-0.43,-2.56,0.08,1.0,0.35,0.4,0.15,31.82
christian wood,2022.0,4445.0,2094.0,-0.54,-1.36,-1.89,-1.96,-0.76,-2.73,-0.8,-1.24,-2.04,0.76,0.76,0.0,-0.46,-1.81,-2.27,0.47,1.0,0.33,0.34,0.15,29.01
cj mccollum,2018.5,5258.25,2544.5,2.69,-0.45,2.24,2.43,-0.18,2.25,2.76,-0.41,2.35,6.56,5.76,0.8,2.73,-0.14,2.6,-0.13,1.0,0.63,0.63,0.39,56.89
coby white,2022.0,3681.0,1773.0,0.19,-2.61,-2.42,0.6,-0.71,-0.11,0.28,-2.35,-2.07,0.61,0.69,-0.07,-0.11,-1.79,-1.9,-0.69,1.0,0.42,0.41,0.17,35.48
cody martin,2022.0,3908.0,1866.0,0.07,1.52,1.59,1.34,-1.77,-0.43,0.32,0.95,1.27,3.79,3.79,0.0,0.7,1.42,2.12,-0.78,1.0,0.57,0.53,0.26,47.79
cody zeller,2017.5,2749.0,1351.0,-1.0,0.86,-0.14,0.79,0.46,1.24,-0.68,0.85,0.17,1.96,1.99,-0.04,-0.97,0.78,-0.19,0.25,1.0,0.45,0.47,0.19,39.05
cole aldrich,2016.0,1591.0,794.67,-1.78,1.49,-0.29,-2.72,0.48,-2.25,-2.06,1.39,-0.67,0.93,0.79,0.14,-1.88,1.85,-0.03,0.06,1.0,0.45,0.42,0.15,36.63
collin sexton,2021.0,4374.0,2115.0,0.6,-2.67,-2.07,-1.29,-3.06,-4.36,0.4,-2.89,-2.48,0.29,0.29,0.0,0.14,-2.35,-2.21,0.01,1.0,0.4,0.38,0.16,33.31
cory joseph,2018.0,3730.33,1834.22,-0.44,0.4,-0.04,-1.34,0.78,-0.56,-0.66,0.49,-0.17,2.36,2.24,0.12,-1.11,0.82,-0.29,-1.17,1.0,0.45,0.46,0.21,39.7
d'angelo russell,2020.0,3761.6,1750.2,1.99,-2.31,-0.32,0.34,-2.25,-1.91,1.82,-2.43,-0.6,2.46,2.52,-0.06,2.28,-2.08,0.2,1.22,1.0,0.52,0.47,0.24,43.31
damian jones,2022.0,2130.0,1017.0,-0.78,-1.49,-2.26,-1.88,-1.6,-3.48,-1.02,-1.51,-2.54,0.11,0.11,0.0,-1.42,-1.57,-2.99,0.1,1.0,0.29,0.31,0.12,25.9
damian lillard,2018.0,5746.89,2791.78,5.86,-1.72,4.13,3.8,-0.38,3.42,5.74,-1.54,4.2,10.1,9.25,0.85,6.0,-1.22,4.78,0.85,1.0,0.74,0.72,0.51,67.54
damion lee,2022.0,2879.0,1380.0,-2.18,0.33,-1.85,-2.34,-0.67,-3.02,-2.36,0.08,-2.28,0.33,0.39,-0.06,-2.01,0.28,-1.73,-0.59,1.0,0.36,0.33,0.13,29.18
damyean dotson,2021.0,1884.0,907.0,-2.48,-3.18,-5.66,-5.59,1.44,-4.15,-3.21,-2.37,-5.58,-1.3,-1.3,0.0,-3.25,-3.57,-6.83,-0.63,1.0,0.1,0.17,0.08,12.38
daniel gafford,2022.0,2986.0,1444.0,0.22,-0.19,0.03,0.79,-2.66,-1.87,0.37,-0.68,-0.31,1.8,1.8,0.0,0.08,-0.44,-0.36,-0.19,1.0,0.44,0.44,0.19,37.54
darius miller,2017.0,3249.0,1528.67,-0.29,-1.09,-1.38,0.11,1.13,1.24,-0.22,-0.68,-0.89,1.37,1.34,0.04,-0.43,-1.19,-1.61,-0.13,1.0,0.41,0.45,0.19,36.77
david nwaba,2021.5,1382.5,644.0,0.23,1.97,2.2,-0.93,-0.0,-0.94,0.05,1.76,1.8,1.52,1.52,0.0,-0.63,1.21,0.58,0.27,1.0,0.56,0.65,0.2,50.56
de'aaron fox,2021.0,4073.67,1917.67,2.55,-2.01,0.54,1.66,-3.62,-1.96,2.5,-2.43,0.07,2.76,2.76,0.0,2.24,-1.52,0.71,0.96,1.0,0.49,0.46,0.22,41.43
de'andre hunter,2022.0,3637.0,1752.0,-1.76,0.07,-1.69,-1.66,-1.58,-3.24,-1.89,-0.24,-2.13,0.55,0.56,-0.01,-1.47,-0.0,-1.47,0.29,1.0,0.41,0.37,0.15,33.26
de'anthony melton,2021.5,3184.0,1477.5,0.29,1.47,1.76,-0.22,3.84,3.62,0.18,2.02,2.2,3.76,3.68,0.08,0.98,2.33,3.31,0.85,1.0,0.63,0.58,0.26,52.16
deandre ayton,2021.5,5143.0,2513.0,-0.83,2.17,1.34,2.83,-1.79,1.03,-0.17,1.42,1.26,5.26,3.39,1.87,-0.13,1.28,1.16,-0.53,1.0,0.52,0.53,0.32,47.2
deandre liggins,2017.5,1552.0,757.5,-3.35,0.03,-3.32,-4.33,0.3,-4.04,-3.78,0.1,-3.68,-0.31,-0.2,-0.11,-3.35,0.31,-3.04,-0.2,1.0,0.29,0.25,0.11,22.96
deandre' bembry,2021.5,2101.0,999.0,-1.64,0.71,-0.93,-0.66,1.04,0.38,-1.56,0.83,-0.73,1.04,1.04,0.0,-1.61,0.8,-0.81,0.02,1.0,0.41,0.42,0.16,35.03
dejounte murray,2021.5,4733.0,2252.5,1.59,0.01,1.61,2.56,0.64,3.2,1.89,0.14,2.03,5.56,5.56,0.0,1.88,1.42,3.3,-0.05,1.0,0.66,0.6,0.34,55.84
delon wright,2020.5,3475.0,1664.75,0.67,1.75,2.42,-0.86,0.84,-0.02,0.38,1.67,2.05,4.06,3.83,0.22,0.19,1.64,1.83,-1.05,1.0,0.55,0.57,0.27,49.12
demarcus cousins,2017.75,3396.62,1651.12,0.76,3.67,4.43,-0.03,0.09,0.06,0.63,3.16,3.79,5.95,5.87,0.08,1.08,2.99,4.07,1.47,1.0,0.68,0.67,0.34,59.15
dennis smith jr,2021.0,1241.5,587.5,-3.26,0.07,-3.19,-5.36,-1.7,-7.06,-3.85,-0.24,-4.09,-0.35,-0.35,0.0,-3.01,-0.26,-3.27,-0.05,1.0,0.28,0.23,0.11,21.59
denzel valentine,2021.0,2159.0,1036.0,-1.59,-0.72,-2.31,-1.32,2.11,0.79,-1.61,-0.16,-1.77,0.51,0.51,0.0,-1.0,-1.09,-2.1,-0.25,1.0,0.41,0.43,0.17,35.64
derrick favors,2018.0,3405.11,1695.89,-0.97,2.3,1.33,0.44,-0.09,0.35,-0.73,1.92,1.19,3.68,3.39,0.29,-0.6,2.42,1.82,-0.51,1.0,0.56,0.53,0.26,47.52
derrick jones jr,2021.0,2618.33,1252.67,-0.75,1.38,0.63,-0.44,0.38,-0.06,-0.75,1.27,0.51,2.17,2.13,0.04,-1.13,0.87,-0.26,-0.32,1.0,0.47,0.52,0.21,42.17
derrick white,2021.5,3996.5,1924.0,0.9,3.09,3.99,0.56,2.55,3.11,0.88,3.16,4.04,6.43,5.77,0.65,0.79,3.42,4.21,0.08,1.0,0.78,0.79,0.42,69.47
derrick williams,2015.5,2819.0,1389.75,-1.36,-3.1,-4.46,-2.94,-3.2,-6.14,-1.77,-3.3,-5.07,-1.42,-1.37,-0.05,-1.86,-4.2,-6.05,-0.35,1.0,0.13,0.17,0.07,12.86
devin booker,2020.0,5252.0,2497.8,3.31,-1.75,1.56,3.97,-2.05,1.92,3.65,-1.91,1.74,6.1,5.25,0.85,3.41,-1.65,1.76,1.24,1.0,0.55,0.56,0.35,50.23
devin harris,2016.5,2623.33,1275.33,1.55,-0.28,1.27,0.0,0.66,0.66,1.32,-0.11,1.21,2.6,2.49,0.11,0.95,-0.46,0.49,0.33,1.0,0.54,0.6,0.24,48.88
devonte' graham,2021.5,3995.5,1940.5,1.63,-0.95,0.68,-0.12,1.4,1.28,1.39,-0.51,0.88,3.35,3.29,0.06,1.92,-0.9,1.02,-0.74,1.0,0.54,0.54,0.26,46.85
dewayne dedmon,2018.14,2390.29,1157.86,-2.43,1.78,-0.65,-1.13,1.48,0.35,-2.29,1.83,-0.46,1.47,1.49,-0.02,-2.3,1.4,-0.89,0.05,1.0,0.45,0.47,0.19,39.16
dillon brooks,2021.5,3598.5,1696.0,-0.48,1.62,1.14,2.98,2.44,5.42,0.19,1.86,2.05,3.93,3.07,0.86,0.62,2.51,3.14,0.9,1.0,0.62,0.57,0.27,51.64
dion waiters,2016.5,3489.5,1727.17,-0.47,-0.63,-1.1,-0.7,0.06,-0.64,-0.55,-0.54,-1.09,1.46,1.22,0.23,-0.06,-0.41,-0.47,-0.16,1.0,0.45,0.41,0.18,36.95
domantas sabonis,2020.5,4401.5,2115.0,1.12,0.7,1.83,-0.33,1.06,0.73,0.88,0.81,1.7,4.79,4.75,0.04,1.04,1.19,2.22,0.02,1.0,0.63,0.61,0.33,54.58
donald sloan,2015.5,2420.5,1212.5,-0.26,-2.21,-2.48,-1.03,-0.89,-1.92,-0.41,-2.05,-2.46,0.21,0.21,0.0,-0.75,-2.44,-3.19,-1.29,1.0,0.3,0.33,0.13,26.9
donovan mitchell,2021.0,4984.33,2413.33,4.82,-2.07,2.76,2.78,-1.78,0.99,4.59,-2.17,2.42,6.35,4.9,1.45,4.56,-1.83,2.73,0.37,1.0,0.62,0.61,0.37,55.47
donte divincenzo,2022.0,2154.0,1006.0,-1.68,1.19,-0.5,-2.51,0.8,-1.71,-1.96,1.2,-0.75,1.04,1.04,0.0,-1.15,0.69,-0.45,0.91,1.0,0.47,0.46,0.17,39.27
dorian finney smith,2021.0,5286.67,2611.67,-0.54,0.82,0.28,5.33,0.5,5.83,0.63,0.8,1.42,5.59,4.1,1.49,0.86,1.16,2.03,-0.79,1.0,0.56,0.54,0.33,49.61
doug mcdermott,2020.0,3135.8,1481.0,-0.13,-2.99,-3.12,0.57,-1.19,-0.61,0.01,-2.8,-2.79,-0.01,0.05,-0.05,-0.32,-3.22,-3.54,0.11,1.0,0.29,0.33,0.13,26.86
draymond green,2018.0,5469.44,2589.78,0.16,4.27,4.43,2.5,4.06,6.56,0.63,4.44,5.07,11.53,8.34,3.19,1.01,4.84,5.85,1.56,1.0,0.8,0.78,0.58,73.72
duncan robinson,2022.0,4420.0,2202.0,0.86,-1.04,-0.18,-0.51,-0.77,-1.28,0.6,-1.09,-0.49,2.53,2.33,0.21,1.09,-0.61,0.48,-0.53,1.0,0.58,0.52,0.26,47.47
dwayne bacon,2020.5,2647.0,1270.0,-3.98,-1.38,-5.36,-3.79,0.26,-3.53,-4.11,-1.09,-5.19,-1.41,-1.41,0.0,-4.2,-1.7,-5.9,-0.54,1.0,0.14,0.16,0.07,12.92
dwight powell,2020.0,3052.6,1492.0,0.09,1.24,1.33,2.2,0.26,2.46,0.52,1.12,1.64,3.32,3.15,0.17,0.45,1.22,1.67,-0.3,1.0,0.55,0.55,0.24,47.23
e'twaun moore,2017.0,3135.0,1493.57,-0.32,-0.49,-0.82,0.11,-0.27,-0.16,-0.25,-0.48,-0.72,1.52,1.37,0.15,-0.62,-0.52,-1.14,-0.31,1.0,0.41,0.43,0.18,36.31
ed davis,2016.5,2870.83,1421.33,-0.53,0.35,-0.18,-0.53,1.32,0.78,-0.56,0.58,0.02,2.4,2.42,-0.02,-1.06,0.6,-0.46,-0.8,1.0,0.45,0.48,0.22,40.65
ekpe udoh,2016.0,1637.5,817.5,-3.69,0.08,-3.61,-0.84,-0.05,-0.89,-3.31,0.06,-3.25,-0.16,-0.13,-0.03,-3.5,0.21,-3.29,-0.7,1.0,0.28,0.27,0.11,23.49
elfrid payton,2019.5,3062.5,1461.67,-0.91,-0.46,-1.37,0.31,-2.2,-1.89,-0.68,-0.85,-1.54,1.27,1.28,-0.01,-1.3,-0.62,-1.92,0.05,1.0,0.35,0.37,0.17,31.28
eric bledsoe,2018.0,4226.44,2008.67,1.52,0.96,2.48,0.66,0.73,1.39,1.44,0.97,2.4,5.45,5.1,0.35,1.33,1.26,2.59,0.79,1.0,0.62,0.62,0.33,54.62
eric paschall,2022.0,1569.0,760.0,0.73,-2.59,-1.86,-1.82,-2.91,-4.73,0.19,-2.85,-2.66,0.04,-0.01,0.05,-0.02,-3.99,-4.01,-0.61,1.0,0.24,0.31,0.12,23.49
evan turner,2016.5,4549.83,2203.67,-1.58,0.21,-1.37,-3.37,0.14,-3.24,-2.04,0.2,-1.84,0.92,0.74,0.18,-2.01,-0.04,-2.05,-0.0,1.0,0.36,0.37,0.16,31.11
frank jackson,2021.5,1994.0,951.0,-0.62,-2.29,-2.91,-1.4,1.04,-0.36,-0.75,-1.71,-2.46,-0.02,-0.02,0.0,-1.58,-2.08,-3.66,0.14,1.0,0.26,0.32,0.12,24.58
frank kaminsky,2019.5,2169.25,1037.5,-0.49,-0.73,-1.22,-0.58,-0.91,-1.49,-0.56,-0.8,-1.36,0.69,0.71,-0.01,-0.66,-1.02,-1.68,-0.26,1.0,0.38,0.4,0.15,33.22
fred vanvleet,2021.0,4695.67,2286.33,2.94,1.33,4.27,0.41,1.81,2.22,2.59,1.49,4.08,7.88,7.38,0.49,2.78,2.43,5.21,-0.65,1.0,0.81,0.76,0.46,70.31
gary clark,2021.0,1379.0,654.0,-3.38,-2.17,-5.55,-1.46,-1.01,-2.47,-3.15,-2.02,-5.17,-0.79,-0.79,0.0,-3.55,-2.79,-6.33,-0.06,1.0,0.13,0.18,0.1,13.92
gary harris,2019.5,3844.5,1868.5,-0.33,-0.07,-0.4,-0.11,0.65,0.54,-0.32,0.08,-0.23,2.67,2.44,0.23,-0.54,0.06,-0.48,0.11,1.0,0.46,0.48,0.23,40.98
gary trent jr,2022.0,5379.0,2647.0,1.11,-0.61,0.5,2.34,-2.32,0.02,1.42,-1.02,0.4,4.26,4.13,0.14,1.58,0.16,1.73,0.34,1.0,0.55,0.48,0.28,45.6
georges niang,2021.5,3345.0,1608.5,0.05,-0.95,-0.9,0.84,2.01,2.85,0.17,-0.43,-0.26,1.9,1.93,-0.03,0.38,-1.07,-0.68,0.24,1.0,0.42,0.44,0.19,37.08
glenn robinson iii,2019.5,2556.0,1216.0,-2.02,-0.98,-3.0,-2.51,-0.6,-3.11,-2.22,-0.95,-3.16,-0.27,-0.22,-0.05,-2.57,-1.23,-3.8,-0.53,1.0,0.26,0.29,0.11,23.61
gordon hayward,2018.0,4596.88,2290.62,1.39,-0.41,0.98,0.76,0.3,1.06,1.34,-0.3,1.04,4.77,4.61,0.16,1.58,-0.27,1.31,0.5,1.0,0.58,0.57,0.32,50.92
gorgui dieng,2017.5,3058.88,1495.75,-1.31,0.66,-0.65,-2.13,0.21,-1.92,-1.56,0.65,-0.92,1.48,1.46,0.01,-1.41,0.93,-0.48,-0.28,1.0,0.45,0.42,0.18,37.26
grant williams,2022.0,5165.0,2529.0,-1.24,1.21,-0.03,0.24,-2.68,-2.44,-1.02,0.38,-0.65,2.74,1.71,1.03,-1.47,0.87,-0.6,-0.36,1.0,0.42,0.42,0.22,37.22
grayson allen,2022.0,4468.0,2110.0,0.44,-0.32,0.13,-0.68,1.13,0.45,0.21,-0.07,0.14,3.12,2.87,0.26,0.02,-0.29,-0.27,0.02,1.0,0.44,0.47,0.24,39.93
greg monroe,2016.5,3625.33,1803.33,-0.07,0.38,0.3,-0.45,-1.19,-1.64,-0.15,0.08,-0.07,2.91,2.8,0.11,-0.31,0.21,-0.1,0.13,1.0,0.45,0.45,0.23,39.62
greivis vasquez,2014.5,3956.5,2030.5,0.08,-1.6,-1.52,-0.33,1.08,0.76,-0.04,-1.12,-1.16,1.6,1.19,0.4,0.06,-1.67,-1.61,-1.01,1.0,0.39,0.42,0.19,35.03
hamidou diallo,2021.5,2615.5,1247.5,-0.69,0.52,-0.18,-2.05,1.04,-1.01,-0.92,0.69,-0.23,1.6,1.6,0.0,-1.7,0.84,-0.86,0.22,1.0,0.41,0.44,0.18,36.48
harrison barnes,2018.0,5354.44,2587.22,-0.49,-0.23,-0.72,-1.3,-0.94,-2.24,-0.68,-0.4,-1.08,2.19,2.05,0.14,-0.66,-0.53,-1.19,-0.3,1.0,0.42,0.43,0.22,37.12
hassan whiteside,2019.5,3265.33,1585.83,-1.46,2.53,1.07,0.67,0.16,0.84,-1.11,2.2,1.09,3.58,3.59,-0.02,-0.95,1.99,1.04,-0.16,1.0,0.57,0.58,0.28,49.78
henry sims,2014.5,2311.0,1137.0,-1.77,-1.12,-2.89,-2.96,-0.52,-3.48,-2.01,-1.04,-3.05,-0.44,-0.44,0.0,-2.17,-1.28,-3.45,0.39,1.0,0.27,0.29,0.1,23.35
hollis thompson,2015.5,3328.75,1606.0,-1.42,-2.27,-3.69,-0.51,-1.21,-1.72,-1.25,-2.16,-3.41,-0.52,-0.52,0.0,-1.87,-2.16,-4.03,-0.02,1.0,0.24,0.26,0.1,21.32
ian clark,2017.5,2508.25,1176.5,-0.93,-2.81,-3.75,-3.38,-1.27,-4.65,-1.56,-2.7,-4.26,-0.68,-0.77,0.09,-1.36,-2.82,-4.17,-0.02,1.0,0.24,0.22,0.1,19.77
iman shumpert,2016.2,3866.8,1937.4,-0.87,0.88,0.01,0.04,1.63,1.67,-0.77,1.09,0.32,3.11,2.55,0.55,-0.31,1.23,0.91,-0.1,1.0,0.52,0.49,0.24,44.21
isaiah canaan,2016.75,2162.75,1055.0,-0.94,-1.53,-2.47,-3.09,-1.36,-4.45,-1.39,-1.58,-2.97,0.01,0.05,-0.04,-1.41,-1.57,-2.99,-0.36,1.0,0.3,0.3,0.12,25.7
isaiah thomas,2016.67,4171.0,2013.83,3.1,-2.46,0.65,2.37,-2.3,0.06,3.14,-2.56,0.59,5.1,4.81,0.3,3.06,-2.75,0.3,0.86,1.0,0.48,0.5,0.32,44.89
ja morant,2022.0,4714.0,2227.0,5.23,-0.45,4.78,2.72,-2.95,-0.23,4.98,-1.05,3.94,7.7,5.64,2.06,4.96,-0.31,4.65,0.68,1.0,0.71,0.68,0.41,62.27
jabari parker,2018.5,2773.75,1319.75,-0.09,-1.08,-1.16,-0.37,-1.64,-2.01,-0.13,-1.23,-1.35,0.9,0.8,0.1,0.31,-1.37,-1.06,0.69,1.0,0.42,0.41,0.16,35.21
jae crowder,2018.0,4711.89,2267.56,0.23,0.85,1.08,0.55,1.34,1.89,0.29,0.98,1.27,4.58,3.78,0.8,0.75,1.04,1.79,0.38,1.0,0.57,0.55,0.3,49.72
jahlil okafor,2019.0,2022.0,935.0,-1.39,-0.6,-1.99,-1.67,-2.45,-4.12,-1.54,-0.98,-2.52,0.11,0.11,0.0,-1.63,-1.56,-3.19,-0.76,1.0,0.28,0.32,0.12,25.53
jakarr sampson,2020.0,1119.0,521.0,-1.82,2.0,0.19,-0.68,1.36,0.68,-1.66,1.95,0.29,0.81,0.72,0.09,-2.37,1.7,-0.68,-0.27,1.0,0.46,0.52,0.16,40.97
jake layman,2021.0,1360.0,627.0,-3.26,0.22,-3.03,-6.04,2.56,-3.48,-4.01,0.77,-3.24,-0.16,-0.16,0.0,-3.34,0.14,-3.19,0.36,1.0,0.28,0.27,0.11,23.73
jakob poeltl,2020.5,3382.0,1609.0,-0.13,3.02,2.89,4.31,1.01,5.32,0.79,2.83,3.62,5.28,5.17,0.11,0.2,2.76,2.96,-0.23,1.0,0.66,0.72,0.34,60.16
jalen brunson,2021.5,4985.0,2482.0,2.22,-0.38,1.83,0.99,0.09,1.08,2.06,-0.32,1.74,5.76,4.78,0.98,1.97,-0.19,1.78,-1.25,1.0,0.55,0.56,0.34,49.94
jamal murray,2020.0,4958.0,2438.67,2.33,0.05,2.38,3.92,0.81,4.73,2.75,0.2,2.95,6.95,5.09,1.86,3.04,0.43,3.47,-0.89,1.0,0.64,0.63,0.38,57.06
james anderson,2015.0,3209.0,1515.0,-2.67,-0.48,-3.15,-2.62,0.45,-2.17,-2.78,-0.27,-3.06,-0.36,-0.36,0.0,-3.43,-0.97,-4.4,0.51,1.0,0.22,0.28,0.11,21.48
james johnson,2018.0,2627.11,1288.44,-0.83,-0.15,-0.98,-0.94,0.58,-0.37,-0.92,-0.01,-0.93,1.54,1.55,-0.01,-1.01,-0.07,-1.07,0.12,1.0,0.41,0.42,0.18,35.36
jamychal green,2020.0,2925.8,1409.4,-0.98,-1.16,-2.14,-1.41,-0.37,-1.78,-1.14,-1.07,-2.21,0.36,0.28,0.07,-1.13,-1.04,-2.17,-0.12,1.0,0.38,0.37,0.15,32.03
jared sullinger,2015.0,3840.0,1894.33,-0.13,1.19,1.06,1.33,0.26,1.59,0.19,1.05,1.24,3.86,3.84,0.02,0.21,0.98,1.19,-0.07,1.0,0.57,0.58,0.29,50.51
jaren jackson jr,2022.0,5229.0,2458.0,-0.57,2.16,1.59,1.41,2.51,3.92,-0.24,2.32,2.08,6.16,4.84,1.32,0.28,2.39,2.67,1.09,1.0,0.6,0.58,0.35,52.86
jarrett allen,2021.0,3902.33,1885.67,-0.42,3.15,2.73,0.94,0.24,1.18,-0.15,2.73,2.58,5.08,4.85,0.23,-0.32,2.15,1.84,-0.52,1.0,0.61,0.66,0.34,56.08
jason smith,2015.5,2521.0,1255.25,-2.45,-1.33,-3.78,-1.11,-1.98,-3.09,-2.3,-1.53,-3.83,-0.78,-0.68,-0.1,-2.02,-1.48,-3.5,-0.32,1.0,0.27,0.24,0.09,21.26
jason thompson,2015.0,3015.0,1508.0,-1.62,-0.47,-2.09,-0.15,-0.93,-1.08,-1.45,-0.59,-2.04,0.77,0.79,-0.02,-1.92,-0.56,-2.48,-0.62,1.0,0.35,0.36,0.16,30.43
jaxson hayes,2022.0,3076.0,1481.0,-1.04,-1.43,-2.47,-1.47,-0.29,-1.76,-1.19,-1.27,-2.47,0.19,0.46,-0.27,-1.75,-1.77,-3.51,0.04,1.0,0.27,0.32,0.13,25.05
jaylen brown,2020.5,5148.5,2483.0,1.03,0.61,1.65,-0.4,-0.11,-0.52,0.76,0.46,1.22,5.3,4.09,1.22,1.32,0.96,2.28,0.57,1.0,0.59,0.54,0.32,50.31
jayson tatum,2021.0,6278.67,3048.0,3.6,0.27,3.88,3.85,2.69,6.55,3.84,0.77,4.61,11.78,9.62,2.16,4.37,0.78,5.15,-0.04,1.0,0.79,0.77,0.61,73.59
jeff withey,2015.0,1316.0,671.0,-1.1,2.29,1.2,-0.6,1.87,1.27,-1.04,2.34,1.29,1.37,1.37,0.0,-1.47,1.52,0.05,-0.57,1.0,0.48,0.56,0.18,43.24
jerami grant,2019.5,4196.5,2014.0,-0.25,-0.01,-0.26,-1.96,-0.35,-2.31,-0.6,-0.09,-0.69,2.21,2.01,0.19,-0.75,-0.21,-0.96,-0.13,1.0,0.4,0.42,0.2,35.9
jeremy lamb,2018.0,2704.0,1317.89,1.5,0.04,1.54,-0.11,-0.07,-0.18,1.25,0.02,1.27,2.86,2.81,0.05,1.0,0.07,1.08,-0.35,1.0,0.51,0.53,0.23,44.8
jeremy lin,2016.2,3640.0,1744.2,0.6,1.39,1.99,-2.88,1.38,-1.49,-0.08,1.49,1.42,3.55,3.41,0.14,-0.1,1.02,0.92,0.98,1.0,0.54,0.57,0.27,48.4
jerian grant,2018.5,2724.0,1319.5,-0.49,-0.97,-1.47,-3.63,-0.61,-4.24,-1.13,-0.95,-2.07,0.86,0.81,0.05,-1.5,-0.97,-2.47,-0.9,1.0,0.37,0.4,0.18,33.37
jevon carter,2021.5,1863.5,885.0,-0.54,-1.04,-1.57,-1.37,0.3,-1.07,-0.76,-0.85,-1.61,0.44,0.28,0.16,-0.61,-1.26,-1.86,-0.52,1.0,0.38,0.4,0.15,33.06
jimmer fredette,2014.5,1030.0,514.0,0.7,-2.55,-1.85,1.79,-1.01,0.78,0.97,-2.37,-1.4,0.36,0.36,0.0,0.34,-2.97,-2.64,0.06,1.0,0.31,0.38,0.13,29.26
jimmy butler,2018.0,5231.78,2612.67,3.86,1.71,5.57,1.85,1.68,3.53,3.67,1.79,5.46,10.87,9.16,1.71,3.41,2.16,5.58,-0.63,1.0,0.81,0.82,0.56,75.33
joe harris,2019.5,4869.0,2296.75,0.73,-0.73,0.0,2.31,-1.11,1.2,1.1,-0.85,0.25,3.58,3.62,-0.04,1.1,-0.99,0.11,0.27,1.0,0.46,0.47,0.25,41.36
joel embiid,2020.5,4575.5,2190.75,2.75,4.18,6.93,1.82,3.46,5.28,2.69,4.24,6.93,11.19,9.29,1.9,3.12,4.06,7.18,0.75,1.0,0.84,0.85,0.54,77.03
john collins,2021.0,3883.67,1857.33,0.82,0.29,1.11,0.46,0.54,1.0,0.79,0.39,1.18,4.02,3.41,0.61,1.44,0.25,1.68,-0.08,1.0,0.55,0.53,0.27,46.94
john henson,2016.67,2650.5,1329.33,-2.21,0.96,-1.26,-1.85,0.64,-1.21,-2.25,0.99,-1.26,0.73,0.65,0.07,-2.23,0.51,-1.71,-0.13,1.0,0.37,0.39,0.15,32.12
john wall,2017.14,4886.71,2381.86,1.61,-1.1,0.51,0.99,1.36,2.36,1.59,-0.64,0.95,5.33,4.82,0.51,1.84,-0.53,1.31,1.07,1.0,0.58,0.56,0.35,51.25
jon leuer,2015.5,2381.25,1174.25,-1.37,0.03,-1.34,-1.44,1.22,-0.22,-1.45,0.27,-1.18,0.99,0.93,0.06,-1.54,-0.08,-1.63,0.32,1.0,0.41,0.43,0.17,35.9
jonathan isaac,2020.0,2038.0,980.0,-0.61,4.82,4.21,-1.62,3.15,1.52,-0.84,4.76,3.92,3.34,3.34,0.0,0.32,4.77,5.09,0.25,1.0,0.8,0.75,0.27,64.93
jonathon simmons,2018.5,3303.5,1572.5,-1.61,-0.88,-2.49,-2.45,-2.57,-5.01,-1.85,-1.28,-3.13,-0.13,0.1,-0.24,-2.38,-1.56,-3.94,0.17,1.0,0.26,0.3,0.12,23.78
jordan clarkson,2019.5,4535.5,2186.17,2.09,-1.4,0.69,0.13,-0.28,-0.15,1.79,-1.24,0.55,3.64,3.5,0.14,1.65,-1.42,0.24,-0.19,1.0,0.5,0.52,0.27,45.12
jordan hill,2015.0,3303.67,1634.0,-1.25,0.14,-1.11,-1.9,-1.54,-3.45,-1.43,-0.17,-1.61,0.9,0.93,-0.03,-1.41,-0.16,-1.56,-0.91,1.0,0.37,0.37,0.15,31.5
jordan mclaughlin,2022.0,2165.0,985.0,0.56,-0.37,0.19,0.72,0.19,0.91,0.61,-0.29,0.32,1.55,1.22,0.33,0.22,0.14,0.36,0.02,1.0,0.48,0.48,0.18,40.11
jordan poole,2022.0,6018.0,2889.0,2.3,-1.18,1.12,0.14,-0.01,0.13,1.96,-1.05,0.91,5.45,4.26,1.2,2.25,-0.64,1.61,0.53,1.0,0.54,0.51,0.32,47.55
josh hart,2021.0,3462.0,1631.67,0.43,0.55,0.99,-1.05,-0.21,-1.26,0.15,0.45,0.6,2.78,2.78,0.0,0.2,1.02,1.22,0.21,1.0,0.57,0.54,0.24,47.89
josh jackson,2021.5,2503.5,1195.0,-1.74,0.27,-1.47,-2.42,0.24,-2.17,-1.91,0.31,-1.6,0.99,0.99,0.0,-2.35,0.09,-2.26,1.12,1.0,0.33,0.37,0.16,30.18
josh okogie,2021.5,1850.0,857.5,-2.79,3.98,1.19,-3.78,2.54,-1.24,-3.18,3.93,0.75,1.31,1.3,0.01,-3.41,3.43,0.02,0.54,1.0,0.46,0.5,0.17,40.11
josh richardson,2020.0,4392.6,2135.8,-0.19,0.54,0.35,-0.4,0.13,-0.28,-0.25,0.46,0.22,3.55,3.5,0.04,-0.03,0.82,0.79,-0.47,1.0,0.5,0.47,0.25,42.62
josh smith,2015.0,4339.67,2114.67,-2.61,1.92,-0.69,-2.24,0.22,-2.02,-2.7,1.69,-1.01,2.34,1.96,0.38,-1.61,1.47,-0.15,1.57,1.0,0.47,0.42,0.21,38.95
julius randle,2020.0,4947.2,2378.6,-0.38,-0.37,-0.75,-0.36,0.04,-0.31,-0.37,-0.31,-0.68,2.64,2.71,-0.07,-0.56,-0.44,-1.0,0.26,1.0,0.4,0.42,0.22,36.25
justin anderson,2018.0,1171.0,552.0,-0.2,-0.11,-0.31,-4.6,-0.8,-5.4,-1.16,-0.33,-1.49,0.35,0.38,-0.03,-0.83,-0.92,-1.75,-0.16,1.0,0.36,0.37,0.13,30.86
justin hamilton,2016.0,1962.5,944.5,-1.63,0.95,-0.68,-4.51,-1.9,-6.41,-2.3,0.49,-1.81,0.42,0.42,0.0,-2.49,-0.24,-2.73,0.2,1.0,0.31,0.36,0.13,28.24
justin holiday,2019.5,4440.83,2118.0,-0.89,0.54,-0.35,-0.6,1.05,0.45,-0.86,0.7,-0.16,2.77,2.67,0.1,-0.68,0.7,0.02,0.45,1.0,0.5,0.49,0.25,43.52
justin jackson,2020.5,1763.0,826.5,-2.32,-1.89,-4.22,-0.26,-1.43,-1.7,-2.01,-1.91,-3.92,-0.49,-0.41,-0.09,-2.09,-2.95,-5.05,-0.16,1.0,0.21,0.27,0.12,21.01
justise winslow,2020.0,2632.25,1262.0,-2.61,1.09,-1.53,-1.52,2.79,1.27,-2.52,1.49,-1.03,1.52,1.36,0.16,-2.2,1.16,-1.04,0.31,1.0,0.42,0.42,0.18,36.3
karl anthony towns,2020.0,4683.6,2241.4,3.22,0.27,3.49,6.15,-1.89,4.26,4.03,-0.14,3.9,7.27,7.14,0.13,4.02,0.32,4.34,0.7,1.0,0.73,0.73,0.41,65.07
keita bates diop,2022.0,2037.0,956.0,-2.52,0.6,-1.92,-2.07,2.53,0.46,-2.58,1.04,-1.54,0.59,0.59,0.0,-2.93,-0.37,-3.3,-0.24,1.0,0.33,0.45,0.17,33.4
kelly olynyk,2018.0,3278.44,1582.56,0.07,0.35,0.42,1.4,0.2,1.6,0.37,0.33,0.7,2.71,2.45,0.26,0.41,0.51,0.92,0.71,1.0,0.53,0.53,0.23,45.46
kemba walker,2018.0,4751.67,2349.67,3.07,0.92,3.99,2.69,-0.68,2.01,3.19,0.64,3.83,8.35,8.02,0.33,3.34,0.79,4.13,-0.66,1.0,0.72,0.72,0.45,65.2
kenneth faried,2016.2,3309.6,1607.6,0.45,-0.65,-0.2,2.36,-2.79,-0.44,0.85,-1.11,-0.26,1.94,1.9,0.04,0.64,-0.76,-0.12,0.24,1.0,0.45,0.44,0.19,38.25
kenrich williams,2021.5,2641.0,1249.0,-0.58,1.2,0.62,1.14,4.56,5.71,-0.17,2.0,1.83,2.85,2.85,0.0,-1.29,1.15,-0.14,-0.27,1.0,0.45,0.56,0.23,43.52
kent bazemore,2018.0,3290.89,1561.89,-1.68,1.57,-0.11,-3.1,0.89,-2.21,-2.06,1.52,-0.54,1.87,1.77,0.1,-1.78,1.37,-0.42,0.9,1.0,0.47,0.46,0.21,40.15
kentavious caldwell pope,2018.0,4773.89,2321.0,-0.02,-0.01,-0.03,0.9,-0.18,0.72,0.18,-0.05,0.13,3.53,3.4,0.14,0.0,0.32,0.33,0.17,1.0,0.52,0.51,0.28,45.23
kevin huerter,2021.5,5215.5,2513.0,-0.06,-0.51,-0.57,1.13,-0.11,1.02,0.14,-0.45,-0.31,3.16,2.65,0.51,0.55,-0.2,0.34,-0.0,1.0,0.55,0.51,0.27,46.34
kevin porter jr,2022.0,4052.0,1907.0,-0.08,-0.48,-0.56,0.86,1.22,2.07,0.17,-0.08,0.09,2.79,2.79,0.0,0.34,-0.54,-0.19,0.86,1.0,0.45,0.46,0.22,39.66
kevon looney,2021.5,3496.0,1670.5,-1.35,2.4,1.06,3.43,0.51,3.94,-0.44,2.08,1.64,3.93,2.96,0.97,-1.51,2.47,0.96,-1.06,1.0,0.51,0.55,0.27,46.36
khem birch,2021.0,2473.0,1198.0,-1.93,1.18,-0.75,-0.98,-0.23,-1.21,-1.85,0.96,-0.89,1.22,1.11,0.11,-2.51,0.95,-1.57,-0.73,1.0,0.37,0.41,0.16,33.31
khris middleton,2018.0,5239.67,2535.44,1.78,0.02,1.8,2.14,1.27,3.41,1.95,0.27,2.22,6.52,5.68,0.84,1.97,0.47,2.44,0.65,1.0,0.63,0.63,0.39,56.71
klay thompson,2017.29,6439.0,3086.29,1.71,-0.15,1.57,2.85,0.01,2.86,1.95,-0.17,1.79,7.46,6.24,1.22,2.76,0.2,2.95,0.36,1.0,0.62,0.57,0.4,54.84
kris dunn,2019.5,2782.5,1329.0,-1.42,1.77,0.34,-1.12,1.01,-0.1,-1.39,1.74,0.35,2.04,2.04,0.0,-2.03,2.63,0.6,-0.04,1.0,0.49,0.48,0.2,41.12
kyle anderson,2020.0,3526.4,1679.2,-0.66,1.98,1.33,-2.19,1.77,-0.42,-1.02,2.04,1.02,3.45,3.24,0.2,-1.28,2.15,0.87,-0.02,1.0,0.5,0.52,0.25,44.4
kyle kuzma,2021.0,4392.33,2099.0,-2.08,-0.04,-2.13,-2.74,-0.76,-3.5,-2.35,-0.22,-2.57,0.19,0.22,-0.03,-2.15,-0.39,-2.54,-0.09,1.0,0.33,0.32,0.13,27.72
kyle o'quinn,2016.0,2183.0,1078.4,-0.91,1.03,0.12,-0.51,0.65,0.14,-0.85,1.05,0.2,1.68,1.68,0.0,-0.91,0.46,-0.45,0.05,1.0,0.43,0.47,0.18,38.34
kyle singler,2015.0,3449.67,1702.67,-0.74,-0.82,-1.55,-2.65,-0.99,-3.64,-1.21,-0.89,-2.1,0.95,1.03,-0.07,-1.26,-0.69,-1.95,-0.08,1.0,0.37,0.35,0.16,31.1
kyrie irving,2018.0,4495.11,2212.67,5.03,-1.51,3.52,3.87,-2.16,1.71,5.05,-1.75,3.3,6.86,6.0,0.86,5.42,-1.0,4.42,0.51,1.0,0.71,0.66,0.38,61.04
lance stephenson,2017.33,3497.5,1738.83,-0.86,-2.78,-3.65,-0.49,-1.75,-2.24,-0.82,-2.75,-3.56,-0.08,-0.15,0.08,-1.31,-2.69,-4.0,0.16,1.0,0.25,0.27,0.12,22.6
lance thomas,2017.0,2390.4,1181.4,-2.74,-1.14,-3.88,-3.2,0.12,-3.08,-2.98,-0.92,-3.89,-0.62,-0.62,0.0,-3.09,-1.53,-4.62,-0.48,1.0,0.21,0.24,0.1,19.01
landry shamet,2021.5,3410.0,1619.0,-0.29,-0.43,-0.72,-2.45,0.48,-1.97,-0.8,-0.28,-1.08,1.36,1.46,-0.1,-0.44,-0.98,-1.42,-0.14,1.0,0.4,0.42,0.18,35.04
langston galloway,2018.5,3067.25,1478.75,0.12,-0.07,0.05,-1.05,0.84,-0.2,-0.09,0.12,0.03,1.83,1.81,0.02,-0.19,-0.44,-0.62,-0.31,1.0,0.42,0.46,0.19,37.76
larry nance jr,2020.0,2986.8,1451.2,-0.36,1.3,0.94,-1.15,2.68,1.53,-0.52,1.73,1.2,3.07,2.8,0.27,-0.26,1.65,1.39,-0.37,1.0,0.55,0.54,0.24,46.95
larry sanders,2014.5,1162.5,585.0,-2.98,2.14,-0.84,-4.43,1.24,-3.19,-3.43,2.1,-1.34,0.42,0.42,0.0,-3.44,1.97,-1.47,-0.11,1.0,0.38,0.38,0.13,31.82
lauri markkanen,2021.0,3250.0,1562.33,0.05,-1.36,-1.31,-0.13,-0.6,-0.73,0.04,-1.3,-1.26,1.32,1.32,0.0,0.22,-0.98,-0.76,0.24,1.0,0.41,0.39,0.17,34.25
lavoy allen,2015.5,2384.0,1172.25,-1.32,-0.0,-1.32,-0.2,0.47,0.26,-1.15,0.08,-1.06,0.99,1.01,-0.02,-1.61,-0.74,-2.35,-0.56,1.0,0.37,0.44,0.17,34.71
lonnie walker iv,2022.0,3435.0,1612.0,-1.24,-1.86,-3.1,-1.65,-1.07,-2.72,-1.41,-1.83,-3.23,-0.4,-0.4,0.0,-1.01,-2.23,-3.24,0.09,1.0,0.34,0.33,0.12,28.1
lonzo ball,2021.0,3539.67,1661.33,0.21,1.03,1.23,0.2,1.4,1.6,0.2,1.19,1.39,3.3,3.3,0.0,1.04,1.58,2.61,0.75,1.0,0.7,0.63,0.28,56.62
luguentz dort,2022.0,3495.0,1665.0,-0.93,1.29,0.36,-3.51,0.37,-3.14,-1.4,1.19,-0.21,2.17,2.17,0.0,-2.12,1.18,-0.95,0.8,1.0,0.4,0.45,0.2,36.91
luke babbitt,2016.5,1760.0,864.5,0.07,-1.56,-1.49,-0.48,-1.5,-1.98,-0.02,-1.63,-1.65,0.54,0.55,-0.01,-0.58,-1.64,-2.22,-0.22,1.0,0.34,0.36,0.14,29.74
luke kennard,2021.0,2937.0,1430.67,1.49,-2.61,-1.11,1.17,-1.03,0.15,1.51,-2.45,-0.94,1.43,1.3,0.14,1.12,-2.47,-1.36,-0.48,1.0,0.38,0.4,0.17,33.84
malcolm brogdon,2020.5,3677.25,1748.0,2.25,-0.77,1.48,0.14,1.84,1.98,1.92,-0.28,1.64,3.94,3.61,0.34,1.71,-0.18,1.53,-0.59,1.0,0.62,0.64,0.31,54.8
malik beasley,2021.0,3234.33,1506.0,0.33,-2.09,-1.76,-0.31,-0.79,-1.11,0.23,-1.93,-1.71,0.83,0.87,-0.04,0.44,-1.86,-1.42,0.11,1.0,0.42,0.4,0.16,34.65
malik monk,2021.0,2934.67,1395.33,0.26,-2.19,-1.92,0.09,-0.68,-0.6,0.29,-1.99,-1.7,1.1,1.1,0.0,0.31,-2.87,-2.57,0.36,1.0,0.34,0.39,0.17,31.55
marcus morris,2016.5,4673.83,2294.0,0.1,-0.68,-0.58,0.68,-1.42,-0.74,0.23,-0.9,-0.67,2.49,2.43,0.06,0.19,-0.71,-0.52,-0.09,1.0,0.43,0.42,0.21,37.09
marcus smart,2019.5,5057.17,2436.5,0.24,1.57,1.81,0.27,1.68,1.95,0.24,1.66,1.9,5.93,4.82,1.11,0.67,2.08,2.76,0.8,1.0,0.67,0.62,0.37,57.68
marcus thornton,2015.5,2162.5,1067.5,0.77,-1.71,-0.94,-1.11,-2.03,-3.14,0.42,-1.86,-1.44,0.97,0.96,0.01,0.66,-2.23,-1.57,-0.1,1.0,0.4,0.41,0.17,34.74
markieff morris,2017.5,3967.38,1924.75,-1.75,0.03,-1.72,-1.04,0.45,-0.58,-1.71,0.12,-1.59,1.43,1.16,0.27,-1.59,0.07,-1.51,0.32,1.0,0.37,0.37,0.17,32.14
marquese chriss,2020.0,2554.0,1196.0,-2.0,1.9,-0.1,-0.2,-2.49,-2.69,-1.67,1.18,-0.49,1.38,1.38,0.0,-2.06,1.07,-0.99,0.12,1.0,0.44,0.47,0.19,39.05
marvin bagley iii,2022.0,2358.0,1146.0,-1.43,0.01,-1.42,1.54,-1.01,0.53,-0.85,-0.16,-1.01,1.01,1.01,0.0,-1.35,-0.6,-1.95,-0.63,1.0,0.35,0.4,0.16,32.09
mason plumlee,2018.0,3560.0,1740.22,-1.15,-0.14,-1.29,0.07,-1.32,-1.26,-0.98,-0.38,-1.35,1.32,1.32,0.0,-0.86,0.0,-0.86,0.27,1.0,0.43,0.4,0.18,35.52
matisse thybulle,2022.0,3692.0,1822.0,-2.08,4.23,2.15,-2.0,2.01,0.01,-2.22,4.01,1.79,4.22,4.05,0.17,-1.87,4.86,2.99,-0.03,1.0,0.62,0.56,0.28,51.08
matthew dellavedova,2017.0,2814.14,1403.43,-0.23,-1.12,-1.35,-1.63,2.63,1.0,-0.55,-0.38,-0.93,1.31,1.16,0.16,-0.54,-0.86,-1.4,-0.07,1.0,0.39,0.42,0.17,34.61
meyers leonard,2017.4,2313.8,1130.4,-1.5,-0.84,-2.33,-0.24,-0.13,-0.37,-1.35,-0.74,-2.1,0.3,0.14,0.15,-1.26,-0.77,-2.02,-0.17,1.0,0.36,0.35,0.14,30.05
michael carter williams,2017.29,2864.29,1395.71,-1.98,2.55,0.57,-1.16,1.06,-0.1,-1.87,2.42,0.55,2.13,2.2,-0.07,-1.72,2.23,0.51,0.54,1.0,0.53,0.54,0.22,45.76
michael kidd gilchrist,2016.6,3441.8,1711.6,-1.58,2.97,1.4,-0.75,2.48,1.73,-1.49,3.07,1.58,3.8,3.82,-0.02,-2.15,2.74,0.59,-0.7,1.0,0.52,0.58,0.28,48.27
mikal bridges,2021.5,6593.0,3204.5,0.7,1.29,1.99,5.07,0.46,5.53,1.63,1.16,2.79,9.07,7.38,1.69,1.55,1.51,3.06,-0.43,1.0,0.62,0.62,0.46,57.88
mike muscala,2018.5,1784.5,843.62,-0.27,0.82,0.55,-1.34,0.96,-0.37,-0.48,0.89,0.41,1.19,1.21,-0.02,-0.76,0.1,-0.66,0.11,1.0,0.43,0.5,0.17,39.22
mike scott,2017.57,2814.14,1351.86,-0.99,-1.99,-2.98,-0.74,0.11,-0.63,-1.01,-1.7,-2.71,-0.04,-0.09,0.05,-0.75,-2.32,-3.07,-0.26,1.0,0.29,0.3,0.12,25.2
miles bridges,2021.5,5012.0,2384.5,0.37,0.0,0.37,2.91,0.31,3.23,0.91,0.08,1.0,4.73,4.73,0.0,1.42,0.13,1.54,0.25,1.0,0.54,0.51,0.3,46.92
miles plumlee,2015.75,2520.25,1240.5,-3.43,1.11,-2.31,-1.86,-0.78,-2.65,-3.31,0.81,-2.5,0.28,0.31,-0.02,-3.26,0.54,-2.72,-0.39,1.0,0.34,0.35,0.14,29.14
mo williams,2015.0,3228.0,1605.67,-0.92,-2.0,-2.92,-3.11,0.04,-3.07,-1.46,-1.69,-3.15,0.28,0.63,-0.35,-0.62,-1.65,-2.26,0.09,1.0,0.33,0.28,0.13,26.21
monte morris,2021.5,3980.0,1938.5,1.1,-1.73,-0.63,1.52,-0.65,0.87,1.21,-1.6,-0.39,2.26,2.39,-0.13,0.76,-1.68,-0.92,-1.27,1.0,0.41,0.44,0.2,36.67
montrezl harrell,2020.5,4028.75,1892.0,1.38,1.79,3.18,-0.15,0.25,0.1,1.14,1.55,2.69,5.18,5.26,-0.07,0.47,1.38,1.85,0.07,1.0,0.6,0.66,0.34,55.62
moritz wagner,2022.0,2042.0,960.0,-0.03,-1.2,-1.23,1.7,-2.45,-0.76,0.45,-1.51,-1.06,0.84,0.84,0.0,-0.2,-0.91,-1.11,0.84,1.0,0.44,0.44,0.17,36.87
myles turner,2020.0,3671.8,1787.8,-1.86,1.98,0.13,-1.73,2.35,0.62,-1.94,2.17,0.23,2.51,2.34,0.17,-1.47,2.39,0.92,-0.05,1.0,0.51,0.47,0.21,41.93
nassir little,2022.0,2232.0,1088.0,-0.28,0.95,0.67,1.19,1.92,3.12,0.04,1.28,1.31,2.25,2.25,0.0,0.17,0.56,0.73,-0.29,1.0,0.5,0.53,0.2,43.62
nate robinson,2014.5,1471.0,728.5,0.39,-0.06,0.34,-3.05,2.52,-0.54,-0.3,0.49,0.19,1.22,1.22,0.0,-0.21,0.05,-0.16,-0.18,1.0,0.45,0.47,0.16,38.48
nerlens noel,2019.8,2319.0,1117.4,-2.06,2.29,0.23,-2.6,0.35,-2.25,-2.29,1.98,-0.3,1.56,1.52,0.04,-2.11,2.91,0.8,-0.18,1.0,0.5,0.44,0.18,39.67
nickeil alexander walker,2022.0,3037.0,1471.0,-1.5,-1.21,-2.71,-2.4,-0.96,-3.36,-1.77,-1.22,-3.0,-0.2,-0.29,0.1,-0.74,-1.31,-2.06,0.69,1.0,0.34,0.29,0.11,26.51
nik stauskas,2018.0,2593.33,1242.0,-0.67,-2.46,-3.12,-2.8,-0.8,-3.6,-1.13,-2.24,-3.37,-0.16,-0.16,0.0,-1.25,-2.9,-4.15,-0.08,1.0,0.23,0.27,0.11,21.51
nikola vucevic,2018.0,4556.56,2223.44,-0.57,1.38,0.81,0.98,-0.53,0.45,-0.24,1.09,0.85,4.18,4.08,0.1,0.13,1.43,1.55,0.24,1.0,0.57,0.53,0.29,48.51
noah vonleh,2018.5,2713.5,1298.5,-1.48,0.5,-0.98,-0.48,-0.29,-0.77,-1.32,0.4,-0.92,1.41,1.41,0.0,-1.87,0.12,-1.76,-0.6,1.0,0.36,0.41,0.17,33.04
norman powell,2020.0,3460.4,1645.0,0.21,-1.11,-0.9,-1.33,-1.4,-2.73,-0.12,-1.25,-1.37,1.49,1.26,0.23,0.17,-1.17,-1.0,0.36,1.0,0.42,0.4,0.18,35.05
norris cole,2015.0,3597.67,1851.0,-1.53,-1.79,-3.32,-1.12,-0.62,-1.74,-1.56,-1.64,-3.2,-0.29,-0.35,0.06,-1.18,-1.58,-2.75,-0.94,1.0,0.31,0.28,0.11,24.58
og anunoby,2021.0,4028.33,1945.67,-0.45,1.16,0.71,1.36,1.29,2.65,-0.11,1.24,1.13,3.74,3.26,0.48,0.12,1.75,1.87,0.05,1.0,0.61,0.58,0.29,51.78
pascal siakam,2020.5,5577.0,2702.75,0.47,-0.04,0.43,3.11,1.86,4.96,1.04,0.33,1.36,5.86,5.26,0.61,1.34,0.85,2.19,-0.44,1.0,0.66,0.62,0.39,57.56
pat connaughton,2021.0,3987.0,1848.0,0.02,1.24,1.26,-0.61,-1.13,-1.74,-0.13,0.76,0.63,3.37,2.45,0.92,-0.23,0.58,0.35,-0.35,1.0,0.47,0.49,0.25,42.46
patrick mccaw,2020.0,1926.0,908.0,-3.36,-0.53,-3.9,-3.22,-0.24,-3.45,-3.55,-0.55,-4.1,-0.62,-0.62,0.0,-3.92,-0.3,-4.22,-0.76,1.0,0.23,0.23,0.1,19.38
patrick patterson,2017.5,2997.12,1492.25,-0.59,-0.11,-0.7,-0.07,0.25,0.18,-0.55,-0.06,-0.61,2.15,2.0,0.14,-0.66,-0.67,-1.33,-0.44,1.0,0.4,0.44,0.21,36.96
paul george,2018.38,5468.38,2674.12,3.15,2.41,5.56,2.3,2.49,4.8,3.15,2.54,5.69,11.78,9.86,1.92,3.44,2.99,6.43,1.34,1.0,0.8,0.78,0.56,73.43
perry jones iii,2014.5,1465.5,725.0,-1.99,-0.85,-2.83,-3.28,-2.37,-5.65,-2.43,-1.25,-3.68,-0.23,-0.21,-0.02,-2.77,-1.47,-4.24,-0.47,1.0,0.24,0.27,0.12,22.12
pj washington,2022.0,3738.0,1768.0,-0.51,-1.73,-2.24,2.49,0.28,2.77,0.06,-1.38,-1.32,1.3,1.3,0.0,0.87,-0.97,-0.1,0.28,1.0,0.45,0.38,0.17,35.45
quincy acy,2016.0,2022.0,985.4,-1.3,-0.23,-1.53,-1.65,0.41,-1.24,-1.43,-0.07,-1.51,0.44,0.44,0.0,-1.68,-0.56,-2.24,-0.1,1.0,0.35,0.39,0.14,31.56
quinn cook,2020.0,1150.0,532.0,-1.53,-3.39,-4.92,-1.65,-0.02,-1.67,-1.69,-2.96,-4.65,-0.52,-0.37,-0.14,-2.1,-3.9,-6.0,-0.17,1.0,0.13,0.19,0.1,14.69
ray mccallum,2014.5,2345.0,1166.5,-1.79,-0.4,-2.19,-1.08,-2.96,-4.04,-1.75,-0.92,-2.67,0.03,0.03,0.0,-2.61,-1.53,-4.14,-1.56,1.0,0.27,0.35,0.14,26.69
reggie bullock,2020.0,3676.8,1803.0,-0.61,-0.43,-1.04,-0.26,0.54,0.28,-0.56,-0.26,-0.82,1.86,1.66,0.21,-0.93,-0.07,-1.0,-0.29,1.0,0.42,0.44,0.2,37.2
reggie jackson,2018.0,4067.56,2009.44,1.16,-1.13,0.03,1.49,-0.36,1.13,1.3,-1.05,0.24,3.24,2.86,0.38,1.1,-0.62,0.47,-0.54,1.0,0.51,0.5,0.26,44.15
richaun holmes,2020.0,2543.2,1207.8,-1.11,0.33,-0.77,-0.05,0.16,0.11,-0.94,0.35,-0.6,1.58,1.59,-0.01,-1.32,0.34,-0.98,-0.32,1.0,0.42,0.45,0.19,37.27
rj barrett,2022.0,4924.0,2417.0,-0.32,-0.57,-0.89,-2.02,-2.0,-4.02,-0.66,-0.92,-1.58,1.45,1.45,0.0,-0.5,-0.72,-1.22,0.68,1.0,0.39,0.37,0.17,32.78
robbie hummel,2014.5,1412.0,698.5,-0.22,-0.7,-0.92,-0.65,-0.05,-0.7,-0.33,-0.55,-0.88,0.62,0.62,0.0,-0.83,-1.09,-1.93,-0.38,1.0,0.38,0.44,0.15,34.38
robert covington,2018.5,4424.88,2115.12,-0.54,2.18,1.64,0.97,2.64,3.61,-0.22,2.42,2.2,5.48,5.16,0.32,0.29,2.89,3.19,0.69,1.0,0.63,0.58,0.32,53.52
robert sacre,2014.5,2282.5,1111.0,-4.1,0.15,-3.94,-1.55,0.64,-0.91,-3.79,0.35,-3.44,-0.39,-0.39,0.0,-3.78,-0.39,-4.17,-0.47,1.0,0.25,0.29,0.12,23.34
rodney hood,2019.5,2800.83,1380.33,-0.78,-1.16,-1.94,-2.21,-0.26,-2.47,-1.14,-1.05,-2.19,0.58,0.55,0.03,-1.06,-1.2,-2.26,-0.81,1.0,0.35,0.35,0.15,30.22
rodney mcgruder,2021.0,1783.0,820.5,-1.49,-1.45,-2.94,-1.43,0.18,-1.25,-1.56,-1.19,-2.76,-0.07,-0.13,0.07,-2.32,-1.3,-3.62,-0.19,1.0,0.3,0.34,0.13,27.24
rondae hollis jefferson,2019.0,3110.33,1459.0,-0.71,2.4,1.69,-0.79,0.17,-0.61,-0.76,2.06,1.3,2.94,2.81,0.13,-0.95,1.71,0.76,0.26,1.0,0.5,0.53,0.23,44.31
royce o'neale,2021.0,5169.33,2512.33,-0.27,2.03,1.76,2.26,-1.46,0.8,0.23,1.4,1.62,5.58,5.08,0.5,0.07,2.12,2.19,-0.51,1.0,0.59,0.57,0.34,52.0
rui hachimura,2022.0,1937.0,943.0,-0.99,-2.46,-3.45,-0.29,-4.34,-4.63,-0.88,-2.97,-3.86,-0.53,-0.53,0.0,-1.12,-3.0,-4.12,-0.77,1.0,0.23,0.24,0.1,20.19
ryan anderson,2016.0,3614.2,1769.0,1.18,-0.7,0.48,3.29,-1.9,1.39,1.65,-0.98,0.66,3.09,2.91,0.18,1.85,-0.89,0.97,-0.23,1.0,0.54,0.53,0.25,46.35
ryan kelly,2014.5,2602.5,1272.5,-0.87,-2.25,-3.13,0.19,-1.07,-0.88,-0.68,-2.07,-2.75,0.03,0.03,0.0,-1.26,-1.93,-3.19,-0.21,1.0,0.3,0.32,0.13,26.61
sam dekker,2019.0,1683.0,788.0,-1.58,-2.0,-3.58,0.06,-0.94,-0.89,-1.34,-1.84,-3.18,-0.17,-0.17,0.0,-1.11,-2.33,-3.44,-0.7,1.0,0.27,0.28,0.11,23.34
sean kilpatrick,2018.0,1333.0,640.0,-1.42,-4.53,-5.95,-2.9,-3.32,-6.22,-1.77,-4.53,-6.3,-1.14,-1.14,0.0,-1.9,-5.04,-6.94,0.17,1.0,0.08,0.1,0.08,8.72
semi ojeleye,2020.5,2180.0,1047.5,-1.65,0.43,-1.22,-3.68,0.94,-2.74,-2.22,0.53,-1.69,0.56,0.65,-0.1,-2.07,-0.41,-2.47,-0.75,1.0,0.32,0.36,0.14,29.16
seth curry,2019.17,3582.0,1746.83,1.21,-1.37,-0.16,1.39,-0.06,1.34,1.31,-1.19,0.12,2.78,2.26,0.51,1.0,-1.09,-0.09,-0.66,1.0,0.45,0.47,0.22,39.92
shabazz muhammad,2016.0,2749.67,1354.67,1.4,-2.67,-1.26,-1.46,-1.28,-2.75,0.91,-2.51,-1.6,0.48,0.48,0.0,-0.17,-3.22,-3.39,0.06,1.0,0.32,0.43,0.16,32.29
shabazz napier,2018.5,2350.75,1121.0,0.6,0.56,1.16,-0.39,0.81,0.42,0.44,0.65,1.09,2.19,2.04,0.15,0.69,0.38,1.08,-0.15,1.0,0.57,0.57,0.22,48.17
shai gilgeous alexander,2021.5,3282.0,1561.0,3.02,-0.69,2.33,2.33,-2.58,-0.25,3.23,-1.11,2.12,3.83,3.83,0.0,1.79,-1.13,0.66,-0.11,1.0,0.49,0.58,0.26,46.69
shake milton,2022.0,2730.0,1337.0,-0.33,-1.2,-1.53,-0.93,-0.44,-1.36,-0.49,-1.12,-1.61,0.8,0.27,0.53,-0.92,-1.29,-2.21,-1.05,1.0,0.4,0.44,0.18,36.09
shane larkin,2016.33,3006.67,1515.0,-1.52,0.44,-1.08,-3.4,-0.79,-4.19,-1.97,0.23,-1.73,0.55,0.43,0.12,-1.97,-0.05,-2.02,-0.62,1.0,0.38,0.4,0.15,32.95
shelvin mack,2016.5,2522.33,1261.5,-0.53,-0.95,-1.49,-1.36,-0.39,-1.75,-0.73,-0.92,-1.65,0.78,0.66,0.12,-0.84,-0.78,-1.62,-0.81,1.0,0.39,0.38,0.15,32.54
skal labissiere,2020.0,1221.0,567.0,-1.2,-0.48,-1.68,-1.78,2.89,1.11,-1.42,0.28,-1.13,0.47,0.47,0.0,-1.28,0.42,-0.86,-0.22,1.0,0.41,0.39,0.14,33.53
solomon hill,2018.0,3263.17,1580.83,-1.64,0.31,-1.33,-0.23,-1.06,-1.28,-1.45,0.03,-1.41,1.09,0.92,0.17,-1.64,-0.25,-1.89,-0.11,1.0,0.39,0.41,0.17,34.34
spencer dinwiddie,2020.33,4542.33,2173.33,2.86,-1.32,1.54,-0.37,-0.06,-0.44,2.37,-1.14,1.23,4.42,4.07,0.35,2.1,-1.13,0.97,-0.64,1.0,0.54,0.56,0.31,49.18
stanley johnson,2020.0,2720.5,1300.5,-2.62,0.86,-1.76,-3.05,-0.24,-3.29,-2.86,0.69,-2.17,0.48,0.48,0.0,-2.82,0.79,-2.03,-0.03,1.0,0.35,0.33,0.14,28.95
sterling brown,2021.0,1901.67,884.67,-2.05,0.36,-1.69,-3.54,1.57,-1.97,-2.5,0.61,-1.89,0.37,0.35,0.01,-2.51,0.06,-2.45,0.02,1.0,0.32,0.35,0.13,28.6
steven adams,2018.0,4495.56,2170.56,-0.51,1.89,1.38,1.77,-0.28,1.5,-0.09,1.53,1.44,4.91,4.56,0.35,-0.28,2.01,1.74,-0.36,1.0,0.55,0.54,0.3,48.44
tarik black,2018.0,1173.0,555.0,-3.08,1.52,-1.55,-7.95,-0.12,-8.07,-4.38,1.23,-3.15,-0.11,0.02,-0.13,-2.58,1.17,-1.41,0.75,1.0,0.38,0.28,0.11,27.56
taurean prince,2020.5,3004.25,1389.0,-1.35,-0.13,-1.49,0.05,-1.8,-1.75,-1.13,-0.48,-1.61,0.69,0.71,-0.01,-0.89,-0.57,-1.47,0.85,1.0,0.38,0.37,0.15,32.19
terence davis,2022.0,1148.0,536.0,1.17,-0.33,0.85,4.46,2.43,6.89,1.96,0.28,2.24,1.38,1.38,0.0,1.72,-0.41,1.3,1.15,1.0,0.58,0.64,0.19,50.52
terrence jones,2015.5,2992.0,1455.0,-1.6,-1.37,-2.97,-0.93,-3.28,-4.21,-1.58,-1.86,-3.44,-0.05,0.15,-0.2,-1.47,-1.42,-2.89,-0.39,1.0,0.34,0.3,0.13,27.46
terrence ross,2018.0,3677.89,1807.56,0.27,-0.61,-0.34,-0.72,-0.64,-1.36,0.1,-0.65,-0.55,2.2,2.1,0.1,0.2,-0.84,-0.64,0.05,1.0,0.45,0.46,0.22,39.77
terry rozier,2020.5,4644.25,2239.5,1.34,-0.25,1.09,-1.79,-1.62,-3.41,0.79,-0.55,0.24,3.59,3.48,0.12,1.33,-0.32,1.01,-0.76,1.0,0.58,0.53,0.29,48.83
thomas robinson,2015.5,1674.25,817.5,-2.01,0.16,-1.84,-1.46,-1.85,-3.31,-1.99,-0.21,-2.2,0.15,0.12,0.03,-1.5,-0.64,-2.14,0.57,1.0,0.34,0.33,0.12,28.37
tim frazier,2018.5,2129.0,1002.0,-0.28,-0.44,-0.72,-2.05,-1.56,-3.61,-0.67,-0.7,-1.37,0.63,0.57,0.06,-0.82,-0.58,-1.41,-0.44,1.0,0.38,0.38,0.14,32.06
tim hardaway jr,2018.0,3781.11,1843.33,1.16,-1.17,-0.01,-0.03,-0.9,-0.94,0.99,-1.18,-0.18,2.46,2.58,-0.12,1.13,-1.27,-0.14,0.18,1.0,0.46,0.46,0.22,40.35
tj mcconnell,2020.0,3089.2,1441.6,-0.04,0.65,0.61,-0.45,-0.86,-1.31,-0.14,0.37,0.23,2.25,2.12,0.12,-0.48,0.41,-0.07,-0.47,1.0,0.46,0.48,0.21,40.52
tj warren,2018.5,4161.75,1977.0,0.56,-0.45,0.1,0.71,-1.35,-0.64,0.67,-0.64,0.04,2.87,2.81,0.06,0.14,-0.41,-0.27,-0.19,1.0,0.48,0.5,0.24,42.5
tobias harris,2018.0,5306.89,2610.22,0.87,-0.41,0.45,0.43,-0.66,-0.24,0.84,-0.49,0.34,4.19,3.81,0.38,0.69,-0.23,0.46,-0.79,1.0,0.52,0.51,0.3,46.01
tony bradley,2022.0,1184.0,557.0,-3.19,3.13,-0.07,1.33,4.43,5.76,-2.44,3.63,1.19,1.1,0.95,0.15,-2.67,1.16,-1.51,-0.38,1.0,0.41,0.58,0.18,41.52
tony parker,2016.5,3663.17,1843.67,-0.37,-2.32,-2.7,-0.31,-0.57,-0.88,-0.43,-2.16,-2.59,0.63,0.55,0.08,-0.82,-1.94,-2.76,-1.22,1.0,0.31,0.32,0.15,27.36
tony snell,2018.0,3091.67,1521.33,-1.13,-1.14,-2.27,-1.05,-0.37,-1.42,-1.2,-1.05,-2.25,0.44,0.56,-0.13,-1.61,-1.6,-3.21,-0.53,1.0,0.28,0.33,0.14,26.56
tony wroten,2014.5,2774.0,1330.0,-1.22,-2.28,-3.5,-2.05,-2.75,-4.8,-1.25,-2.48,-3.74,-0.69,-0.69,0.0,-1.66,-2.57,-4.23,1.66,1.0,0.23,0.25,0.09,20.06
torrey craig,2021.0,2883.67,1393.67,-1.08,-0.15,-1.22,-1.03,-2.81,-3.84,-1.15,-0.72,-1.87,0.57,0.67,-0.09,-1.07,-0.8,-1.87,-0.42,1.0,0.35,0.35,0.14,30.0
trae young,2021.5,5796.5,2783.0,6.34,-3.42,2.92,4.84,-2.86,1.98,6.39,-3.5,2.89,8.18,7.69,0.49,6.55,-3.95,2.6,2.17,1.0,0.68,0.71,0.49,64.6
treveon graham,2020.0,2009.0,929.0,-3.18,0.34,-2.84,-3.66,-0.42,-4.09,-3.46,0.23,-3.23,-0.23,-0.23,0.0,-4.38,0.1,-4.28,-0.41,1.0,0.22,0.27,0.11,21.49
trevor booker,2016.0,3168.8,1574.2,-0.69,0.1,-0.59,-0.47,-0.58,-1.05,-0.67,-0.06,-0.72,1.64,1.63,0.0,-0.83,-0.27,-1.1,-0.49,1.0,0.4,0.42,0.18,35.01
trey burke,2017.5,2528.25,1269.12,0.88,-1.54,-0.66,0.88,-1.85,-0.97,0.94,-1.69,-0.75,1.09,1.02,0.07,0.79,-1.88,-1.09,-1.08,1.0,0.4,0.42,0.16,34.44
trey lyles,2019.75,2783.75,1331.75,-0.99,-0.96,-1.95,-0.67,-0.52,-1.2,-0.99,-0.91,-1.9,0.65,0.66,-0.01,-0.45,-1.42,-1.87,0.0,1.0,0.38,0.38,0.15,32.16
tristan thompson,2018.0,4016.67,2007.22,-0.86,0.66,-0.2,-0.18,-1.9,-2.08,-0.78,0.2,-0.58,2.6,1.78,0.82,-0.64,-0.03,-0.66,-0.9,1.0,0.42,0.43,0.22,37.1
troy daniels,2018.5,2186.75,1048.75,-0.05,-2.29,-2.35,-1.46,-0.53,-2.0,-0.32,-2.05,-2.38,0.15,0.07,0.08,-0.42,-2.44,-2.86,-0.0,1.0,0.31,0.34,0.13,27.73
tyler ennis,2018.0,1441.0,683.0,-0.68,-0.02,-0.7,-2.72,2.58,-0.14,-1.13,0.52,-0.61,0.74,0.74,0.0,-1.38,0.49,-0.89,-0.23,1.0,0.41,0.42,0.15,34.84
tyler herro,2022.0,5144.0,2532.0,1.53,-1.13,0.4,0.34,-1.24,-0.9,1.35,-1.26,0.09,3.61,4.55,-0.94,1.49,-1.28,0.21,0.22,1.0,0.47,0.46,0.25,41.24
tyler johnson,2019.0,3063.8,1479.0,-0.59,-0.34,-0.93,-2.01,0.03,-1.97,-0.92,-0.29,-1.21,1.79,1.89,-0.1,-0.78,-0.37,-1.15,-0.03,1.0,0.39,0.39,0.19,34.02
tyler zeller,2016.0,2215.2,1079.2,-2.0,0.87,-1.13,-1.6,0.74,-0.86,-2.04,0.89,-1.15,1.02,0.99,0.03,-2.34,-0.09,-2.43,-0.05,1.0,0.32,0.39,0.16,30.83
tyus jones,2020.0,3128.4,1478.8,0.99,-0.3,0.69,-0.86,0.82,-0.04,0.65,-0.09,0.56,2.52,2.45,0.07,0.35,-0.24,0.11,-1.06,1.0,0.46,0.49,0.21,41.0
victor oladipo,2018.0,3637.44,1786.0,0.02,1.52,1.54,-0.68,2.32,1.64,-0.11,1.78,1.66,4.36,4.03,0.33,0.05,2.07,2.11,0.83,1.0,0.57,0.55,0.28,49.14
wendell carter jr,2021.5,3378.5,1613.5,-1.74,1.26,-0.47,-1.54,1.25,-0.29,-1.72,1.35,-0.38,2.12,2.12,0.0,-1.96,1.25,-0.71,0.2,1.0,0.42,0.44,0.2,37.0
wesley johnson,2016.5,3145.33,1511.5,-2.39,0.27,-2.12,-2.15,0.86,-1.29,-2.49,0.43,-2.06,0.69,0.61,0.08,-2.01,0.32,-1.69,0.49,1.0,0.38,0.36,0.15,31.39
will barton,2018.5,3954.0,1928.12,0.37,-1.03,-0.66,-1.11,0.35,-0.76,0.05,-0.79,-0.74,2.08,2.16,-0.09,0.1,-0.92,-0.82,-0.11,1.0,0.42,0.43,0.2,37.06
willie cauley stein,2019.5,3308.75,1580.75,-3.05,2.32,-0.74,-0.99,2.04,1.05,-2.79,2.44,-0.35,1.7,1.72,-0.02,-2.73,2.03,-0.7,-0.38,1.0,0.44,0.46,0.19,38.59
willie green,2014.5,1862.0,919.5,-2.65,-0.84,-3.49,-4.7,3.24,-1.45,-3.25,-0.04,-3.29,-0.24,-0.21,-0.03,-2.83,-0.51,-3.35,0.15,1.0,0.28,0.27,0.11,23.23
yogi ferrell,2019.5,1716.0,798.5,0.11,0.53,0.65,-1.67,1.09,-0.58,-0.24,0.7,0.46,1.34,1.34,0.0,-0.74,-0.43,-1.17,-0.76,1.0,0.41,0.51,0.18,39.06
zach collins,2022.0,1089.0,502.0,-3.38,-0.14,-3.52,-1.8,0.22,-1.58,-3.26,-0.05,-3.3,-0.14,-0.14,0.0,-3.69,0.24,-3.44,0.98,1.0,0.27,0.27,0.11,23.1
zach lavine,2019.5,3862.0,1862.67,1.67,-1.75,-0.08,0.23,-2.71,-2.48,1.51,-2.04,-0.53,2.45,2.43,0.02,1.45,-1.97,-0.51,0.38,1.0,0.45,0.45,0.22,39.58
